payment_method,acc_name,acc_number
Gift Card,Dunc Hawkett,021201011
Bank Transfer,Brigitta Tomankiewicz,072013915
Buy Now Pay Later,Eddie Szymonowicz,122243703
Credit Card,Tommie Meeson,253173661
Cash on Delivery,Luca Innott,021410695
Credit Card,Cybil Varfolomeev,072409888
Errror 304 - Missing Payment Gateway,Fleur Fullman,031100209
Bank Transfer,Kasper Tithecote,061103454
Credit Card,Elnar Pedron,111308358
Buy Now Pay Later,Dorisa Schulkins,042305420
Cash on Delivery,Camey Gudgin,091908399
Cash on Delivery,Shina Yarr,062003977
Errror 304 - Missing Payment Gateway,Karylin Magne,122240764
Cash on Delivery,Raeann Janoschek,082902472
Errror 304 - Missing Payment Gateway,Veradis McNeil,065002108
Buy Now Pay Later,Arlin Osbidston,113124637
Errror 304 - Missing Payment Gateway,Marinna Serot,086500142
Gift Card,Omar Menelaws,124103786
Gift Card,Kiri Demicoli,075903792
Credit Card,Juliet Wildgoose,073902274
Gift Card,Tera Cabera,292977022
Credit Card,Artus Hylden,063092327
Errror 304 - Missing Payment Gateway,Halli Jobes,081000980
Buy Now Pay Later,Catha Heinish,075902421
Credit Card,Jeniece Funcheon,104905742
Gift Card,Ryan Plevey,111104798
Credit Card,Esmeralda Aupol,083900619
Cash on Delivery,Giorgio Moyer,083905326
Cash on Delivery,Clerkclaude Loutheane,103110237
Cash on Delivery,Hubert Roscrigg,067001275
Credit Card,Robinet Bowes,021901748
Buy Now Pay Later,Barry Becarra,271972844
Cash on Delivery,Tyler Ackenson,053100494
Bank Transfer,Petronilla Girodon,073922458
Cash on Delivery,Robbie Illingsworth,081225804
Gift Card,Merissa Gerssam,072402348
Cash on Delivery,Sunny MacPaden,051403164
Gift Card,Avis Duerden,053112709
Credit Card,Emilee Porte,084107628
Gift Card,Warde Stobbe,123206011
Bank Transfer,Camila Lots,107005047
Gift Card,Nicholas Purdon,091403920
Bank Transfer,De witt Dumphries,322271096
Cash on Delivery,Annadiana Moules,071104430
Bank Transfer,Lauraine Casserly,122042069
Credit Card,Juditha Brace,053112864
Gift Card,Vanny Mingey,053012087
Buy Now Pay Later,Ivie Forri,091409746
Errror 304 - Missing Payment Gateway,Nita Bellerby,111304912
Gift Card,Justinian Swigger,101217514
Cash on Delivery,Demetris Earles,052100893
Bank Transfer,Cosme Anthony,051009364
Bank Transfer,Gusti Kinastan,253170253
Cash on Delivery,Gabbi McIlwain,065303069
Bank Transfer,Jolee Mitkov,122237751
Errror 304 - Missing Payment Gateway,Sidonnie Brabender,111304637
Buy Now Pay Later,Angelle Meneo,111909605
Cash on Delivery,Editha Oxtiby,061101113
Cash on Delivery,Bee Cowey,044212922
Bank Transfer,Helena Romaint,113104880
Buy Now Pay Later,Lynn Moxley,211970055
Cash on Delivery,Prisca Stolz,101902298
Bank Transfer,Ferd Brocks,021110209
Credit Card,Cammie Cockram,064109073
Buy Now Pay Later,Thorin Couthard,021213096
Bank Transfer,Arlen Byles,071920559
Cash on Delivery,Dayna Dandy,084303082
Cash on Delivery,Cece Peabody,274970199
Cash on Delivery,Sydney Schimon,104111769
Errror 304 - Missing Payment Gateway,Harcourt Brehat,091200961
Cash on Delivery,Cirstoforo Paunsford,102006407
Credit Card,Rey Pesek,031904395
Buy Now Pay Later,Clarisse Hinks,121201814
Cash on Delivery,Tiebout Pinwell,114903080
Cash on Delivery,Bryan Peris,102100138
Errror 304 - Missing Payment Gateway,Jere Helix,111913756
Cash on Delivery,Noah Martinelli,021200012
Errror 304 - Missing Payment Gateway,Sheffy Fakeley,021302567
Gift Card,Flori Durek,081518375
Credit Card,Maybelle Eversley,111025013
Gift Card,Miguelita Romei,031904395
Buy Now Pay Later,Gun Breagan,301171230
Buy Now Pay Later,Alexi Ricketts,062201892
Errror 304 - Missing Payment Gateway,Cecily Rushton,065400137
Cash on Delivery,Enrique Spatari,111912401
Credit Card,Caddric Gyurko,081501227
Gift Card,Mariana Girodier,122402049
Cash on Delivery,Willabella Kubiczek,062205610
Bank Transfer,Codi Sigge,102101519
Gift Card,Chrisy Urion,051504432
Cash on Delivery,Briano Grellier,064208437
Buy Now Pay Later,Corbett Kneeshaw,091108746
Buy Now Pay Later,Ninette Gentil,081925816
Buy Now Pay Later,Candice Meharg,065303085
Cash on Delivery,Ingunna Islep,061212727
Bank Transfer,Van Stains,103105530
Buy Now Pay Later,Anjela Menere,091200738
Bank Transfer,Alia Poli,122244731
Buy Now Pay Later,Lena Schimek,103110813
Buy Now Pay Later,Clem Jeans,053010445
Buy Now Pay Later,Julie Garrood,221371246
Bank Transfer,Queenie Blase,104108691
Cash on Delivery,Nathan Vick,082907545
Buy Now Pay Later,Nathanial Colin,122220849
Bank Transfer,Townie Gildersleaves,044207283
Credit Card,Vicky Facchini,091210540
Errror 304 - Missing Payment Gateway,Raffaello Summerson,101204886
Gift Card,Abba Olivetti,091904872
Gift Card,Tine Shower,091201818
Errror 304 - Missing Payment Gateway,Danit Twigger,083902811
Credit Card,Constance Danilovitch,021114205
Cash on Delivery,Taryn Warbey,055073532
Credit Card,Rebeca Royal,043316256
Gift Card,Katy Grieveson,083904563
Cash on Delivery,Lotty Bardnam,111302587
Bank Transfer,Araldo Gerrit,107005254
Cash on Delivery,Thurston Gowler,091000019
Errror 304 - Missing Payment Gateway,Kin Zanelli,103103451
Cash on Delivery,Jessamine Chessum,273970514
Bank Transfer,Ethelda Sweeting,271972718
Bank Transfer,Freida Targetter,053112068
Gift Card,Humphrey Merrill,052100547
Bank Transfer,Freemon Walthew,322270055
Buy Now Pay Later,Angie Aldington,074900783
Gift Card,Isabeau Elkins,041207150
Gift Card,Jennilee Spiniello,072402856
Errror 304 - Missing Payment Gateway,Jacklyn Nurden,091913177
Credit Card,Tamma Couve,081213078
Cash on Delivery,Lawry Stimson,292977022
Cash on Delivery,Verena Adolfson,021300077
Buy Now Pay Later,Aldric Moral,062200880
Errror 304 - Missing Payment Gateway,Eveleen Folonin,091501204
Buy Now Pay Later,Joeann Letessier,071004161
Errror 304 - Missing Payment Gateway,Ferdinand Kirvin,053202130
Buy Now Pay Later,Ingamar Dowsing,081220087
Credit Card,Loutitia Cassely,125008547
Bank Transfer,Ali Dmitrienko,101219059
Bank Transfer,Nelli Cluett,074913712
Buy Now Pay Later,Enrika Brands,125108256
Bank Transfer,Tam Tourville,107004381
Buy Now Pay Later,Carmine Cave,011306492
Cash on Delivery,Cassey Warmington,243470196
Buy Now Pay Later,Laurena Holsey,265070752
Gift Card,Decca Rew,314970664
Cash on Delivery,Maighdiln Attkins,271070801
Errror 304 - Missing Payment Gateway,Lowrance Bampton,071921794
Credit Card,Anett Boyde,081504693
Credit Card,Gustaf Lunnon,071122535
Bank Transfer,Reeva Carman,081025208
Errror 304 - Missing Payment Gateway,Amata Fitter,092101085
Cash on Delivery,Dot Gierke,043314164
Errror 304 - Missing Payment Gateway,Hildegaard O'Hollegan,055002244
Credit Card,Devlen Nehl,031317788
Credit Card,Lovell Harris,122243208
Bank Transfer,Darius Awde,113001255
Bank Transfer,Pet Abrahamson,084202112
Buy Now Pay Later,Vanya Rickword,053012197
Credit Card,Lotta Cowans,011202907
Cash on Delivery,Bordy Laban,071107220
Errror 304 - Missing Payment Gateway,Storm Rawls,082001881
Cash on Delivery,Jana Tweddle,071923255
Bank Transfer,Cristobal Thaxton,041000124
Credit Card,Dru Janz,104904442
Cash on Delivery,Rickert Kissack,062204132
Cash on Delivery,Jeanie Skelhorn,051404118
Gift Card,Bo Petzold,031918938
Cash on Delivery,Darcey Welford,303188111
Bank Transfer,Merry Denyukin,051404985
Errror 304 - Missing Payment Gateway,Emmalee Lindsell,067016118
Cash on Delivery,Costa Pringell,051402220
Errror 304 - Missing Payment Gateway,Frasco Winman,071918286
Gift Card,Maribeth Ludlow,123171955
Cash on Delivery,Jeannette Boniface,101902052
Bank Transfer,Crosby Kiss,071001533
Credit Card,Michail Shapcote,125108858
Gift Card,Otho Moraleda,086518765
Cash on Delivery,Zorana Capehorn,063014499
Buy Now Pay Later,Temp Beeson,075904526
Buy Now Pay Later,Lyssa Croston,055002480
Gift Card,Damon Stollwerk,071916408
Bank Transfer,Grace Carletto,091408983
Credit Card,Katey Machel,075906524
Cash on Delivery,Sanderson Lark,242272269
Credit Card,Cosme Croix,064103228
Bank Transfer,Borg Humm,284272625
Errror 304 - Missing Payment Gateway,Beitris Covill,063103915
Cash on Delivery,Willy Pentony,091210540
Gift Card,Shaylah Tesmond,092902394
Buy Now Pay Later,Derrick Gerretsen,104902363
Bank Transfer,Maura Halston,055001711
Gift Card,Claudell Petrowsky,065104116
Cash on Delivery,Gussi Terbrug,021308176
Errror 304 - Missing Payment Gateway,Angie Brambley,102104749
Buy Now Pay Later,Alane Thames,064208301
Bank Transfer,Hewie Woodroffe,065202555
Buy Now Pay Later,Savina McGroarty,067006063
Gift Card,Ethe Arnald,271992468
Gift Card,Milena Rahl,083905449
Cash on Delivery,Ervin Frisby,082902472
Cash on Delivery,Hurleigh Pascow,211174233
Credit Card,Ellis Kelledy,082904726
Gift Card,Ulrica Willimont,021001486
Cash on Delivery,Carol-jean Hethron,065002030
Bank Transfer,Bondon Ryan,313170957
Cash on Delivery,Calvin McCluney,064209177
Errror 304 - Missing Payment Gateway,Violante Macia,271070788
Gift Card,Job Storek,031310413
Gift Card,Agata Blanc,042215060
Credit Card,Lyon Bradberry,101002716
Errror 304 - Missing Payment Gateway,Karleen Heppenspall,084101323
Cash on Delivery,Jose Burton,125108256
Errror 304 - Missing Payment Gateway,Bari Kail,104907562
Bank Transfer,Sheridan Boothebie,053112864
Credit Card,Alexandro Eriksson,114905813
Credit Card,Simona Fretter,021301089
Bank Transfer,Nance Jakel,061120327
Gift Card,Kanya Yglesia,031275998
Cash on Delivery,Mia Ruslen,322275157
Credit Card,Sissie Cisland,028000024
Credit Card,Isadora Glasscott,071119865
Bank Transfer,Conroy Saban,074913660
Cash on Delivery,Brannon Worster,062200482
Credit Card,Thekla McNerlin,075911195
Gift Card,Belle Shine,123103729
Buy Now Pay Later,Almeta Gurg,123202280
Errror 304 - Missing Payment Gateway,Walliw Myrie,251473787
Bank Transfer,Ramsey Eronie,101114879
Bank Transfer,Dennis Grishelyov,031301846
Buy Now Pay Later,Alfy Osban,053112233
Gift Card,Saxon Crabb,067008582
Gift Card,Loise Lamshead,061105685
Buy Now Pay Later,Mikael Meriot,121141822
Bank Transfer,Elly Forkan,056005169
Bank Transfer,Rockey Robjents,061212688
Errror 304 - Missing Payment Gateway,Kienan Crowley,081518333
Cash on Delivery,Fitz Risbie,051404260
Cash on Delivery,Gustavus Vogele,301171353
Gift Card,Heloise Asee,061001323
Errror 304 - Missing Payment Gateway,Gigi Peirazzi,071001630
Bank Transfer,Barnett Palser,055002244
Credit Card,Weston McNamara,091201818
Buy Now Pay Later,Ches MacKowle,262285223
Bank Transfer,Barbara Ivimey,103013101
Bank Transfer,Cherye Duchenne,111908004
Buy Now Pay Later,Trevar Novotni,123308825
Bank Transfer,Dori Sauven,101114031
Gift Card,Torre Normavill,261170740
Buy Now Pay Later,Giralda Tettley,071106250
Cash on Delivery,Cynthy Ghelerdini,075904238
Bank Transfer,Lalo Nester,231271404
Buy Now Pay Later,Simonette Damrel,122243800
Cash on Delivery,Barthel Gaskall,011302357
Gift Card,Hilliary Turgoose,062102098
Gift Card,Inesita Coweuppe,321070227
Buy Now Pay Later,Paule Speenden,084202235
Bank Transfer,Tiffanie Pester,021606674
Gift Card,Lindsy Dalziell,062202163
Bank Transfer,Hermina Poltone,072401585
Credit Card,Thayne Tollfree,062104070
Buy Now Pay Later,Rhea Adacot,081017478
Credit Card,Albertine Paulsson,083903564
Buy Now Pay Later,Melisent Elington,107002118
Buy Now Pay Later,Steve Knevet,271984162
Cash on Delivery,Britney Felgat,101903637
Credit Card,Butch Jearum,125108463
Gift Card,Brewster Poston,026073082
Gift Card,Valaria Janata,107000262
Cash on Delivery,Bobbee Sarfatti,043400036
Bank Transfer,Samaria Casiroli,221471858
Buy Now Pay Later,Sela Brockest,231270793
Buy Now Pay Later,Lonnie Powderham,101110080
Credit Card,Erena Roydon,044203850
Cash on Delivery,Torrance Rooze,263189865
Gift Card,Boone Anthoney,122105553
Bank Transfer,Waneta Pache,103101165
Errror 304 - Missing Payment Gateway,Victoir Madsen,104908082
Buy Now Pay Later,Vonny Danilyak,072000096
Credit Card,Dale Trill,091308805
Buy Now Pay Later,Norton Tedstone,107006554
Errror 304 - Missing Payment Gateway,Jeanine Braybrooke,271973937
Bank Transfer,Rois Dannel,042102335
Buy Now Pay Later,Miner Georgievski,211371201
Credit Card,Edna Marini,031918527
Buy Now Pay Later,Georgeanne Ashpole,074014213
Errror 304 - Missing Payment Gateway,Lorne Sepey,086504326
Bank Transfer,Genny Dyson,064202844
Gift Card,Millard Poker,113102714
Buy Now Pay Later,Cyrille Gillford,061201864
Cash on Delivery,Dorry Brownsey,111026041
Credit Card,Annmarie Espinas,075906595
Buy Now Pay Later,Teirtza Wass,081302633
Buy Now Pay Later,Ase Robertet,241070417
Credit Card,Collette Laffin,055001384
Errror 304 - Missing Payment Gateway,Darcee Lenox,111103317
Gift Card,Sherilyn MacKaig,031100047
Buy Now Pay Later,Donnie Rappaport,051050339
Bank Transfer,Ursuline Galea,111907652
Buy Now Pay Later,Felizio Gaucher,125108890
Buy Now Pay Later,Libby McGaugey,061203257
Bank Transfer,Sloane Pidgen,051008828
Errror 304 - Missing Payment Gateway,Zorina Laydel,053201607
Gift Card,Kalie Mahon,031000503
Credit Card,Ingunna Gottschalk,271973937
Errror 304 - Missing Payment Gateway,Odille Neem,101101785
Credit Card,Catherin Else,044106944
Errror 304 - Missing Payment Gateway,Egan Cordaroy,072402788
Gift Card,Ericha Tzarkov,031376017
Credit Card,Adam Casillis,122402052
Credit Card,Hube Abbets,011302920
Gift Card,Emmett Janiszewski,071102322
Cash on Delivery,Kaia Fawdrie,121000358
Errror 304 - Missing Payment Gateway,Gare Torr,271070801
Errror 304 - Missing Payment Gateway,Ellyn Beloe,026002927
Buy Now Pay Later,Lily Madgewick,323271493
Bank Transfer,Hamel Kinnie,101114691
Buy Now Pay Later,Gaultiero Sproul,065201611
Cash on Delivery,Lotty Audsley,061020786
Errror 304 - Missing Payment Gateway,Heidi Bates,061113017
Bank Transfer,Romonda Nock,124302257
Buy Now Pay Later,Orelie Ruffey,103101424
Gift Card,Sibyl Conelly,062206431
Gift Card,Maude L'argent,071908869
Errror 304 - Missing Payment Gateway,Kissee Goakes,081225804
Credit Card,Aurelie Cussons,103103354
Cash on Delivery,Marianne Rigden,103008404
Credit Card,Sileas Bowle,031205955
Errror 304 - Missing Payment Gateway,Rurik Scheffler,114994109
Bank Transfer,Jeanne Berget,122239775
Bank Transfer,Alexandrina Dagg,103103574
Gift Card,Herta Keal,114909505
Buy Now Pay Later,Schuyler Burchnall,053112673
Cash on Delivery,Garnet Westrope,065000171
Credit Card,Bendicty Chishull,102100918
Buy Now Pay Later,Rolland Pohls,063209660
Buy Now Pay Later,Eward Aldiss,253185002
Credit Card,Kelvin Dumbar,084107246
Credit Card,Giffie Beadnall,211174123
Credit Card,Emlynn Brodest,091406820
Gift Card,Donnie Hyde-Chambers,065301155
Bank Transfer,Iris Tradewell,073920777
Cash on Delivery,Kylie Swinnerton,074912807
Gift Card,Lotty Halvosen,042102270
Bank Transfer,Garald Hunnaball,271992468
Bank Transfer,Peterus Oman,054000030
Credit Card,Merola Gannan,101204022
Credit Card,Gabriellia Greenman,021207206
Gift Card,Lexie Wrangle,291481483
Buy Now Pay Later,Vaclav Frodsam,111300932
Cash on Delivery,Hillier Westmore,122000616
Credit Card,Chiquia Meneely,072408504
Cash on Delivery,Lion Leeson,111916423
Bank Transfer,Shem Gatus,053201814
Gift Card,Dyan Fancutt,121100782
Bank Transfer,Rhoda Scouller,084201621
Cash on Delivery,Giles Caustick,063101454
Gift Card,Nalani Belasco,065404913
Gift Card,Bernadette Colt,062203227
Cash on Delivery,Grady Splain,084201294
Bank Transfer,Delano Gorthy,111322570
Gift Card,Alleen Tomaszkiewicz,101212182
Credit Card,Gare Purton,011301536
Cash on Delivery,Herschel Joicey,243073852
Buy Now Pay Later,Ezekiel Devita,114916019
Credit Card,Killie Hurtic,111104581
Cash on Delivery,Patty Bunt,113109131
Buy Now Pay Later,Vally Borborough,111104947
Buy Now Pay Later,Ginelle Boal,051401331
Buy Now Pay Later,Hildy Mabson,123206590
Cash on Delivery,Nickolai Brosnan,242272191
Credit Card,Cherida Warmisham,082908777
Credit Card,Camilla Clemas,072412927
Errror 304 - Missing Payment Gateway,Kaile Ughetti,055003201
Buy Now Pay Later,Ericha McTeggart,291471134
Buy Now Pay Later,Maressa Wetherill,061212866
Gift Card,Emma Mullarkey,311972652
Errror 304 - Missing Payment Gateway,Kelby Hibbart,103102274
Buy Now Pay Later,Siward Manwell,071902629
Errror 304 - Missing Payment Gateway,Robbie Shilladay,125107778
Credit Card,Giralda Gudge,101000695
Credit Card,Theodosia Thomlinson,103000619
Cash on Delivery,Diane Po,091201818
Errror 304 - Missing Payment Gateway,Greggory Abotson,091209755
Bank Transfer,Andeee Goshawk,051409139
Errror 304 - Missing Payment Gateway,Morton Heaseman,081509449
Errror 304 - Missing Payment Gateway,Lonnard Quarlis,292970744
Cash on Delivery,Phillida Gale,084301107
Credit Card,Kevin Focke,061104958
Buy Now Pay Later,Rufe Cail,042307224
Gift Card,Frazier Griffith,123103606
Cash on Delivery,Faustina Kasbye,104905881
Gift Card,Myranda Jacklin,011000015
Errror 304 - Missing Payment Gateway,Natty Gorstidge,053003931
Buy Now Pay Later,Ingmar Clive,031310413
Cash on Delivery,Tarah Boise,091409746
Errror 304 - Missing Payment Gateway,Cyndy Aviss,322170016
Bank Transfer,Dorena Bridgewater,111905434
Credit Card,Llewellyn Tomini,026008811
Buy Now Pay Later,Monah Le Grove,073903367
Cash on Delivery,Elysha Crollman,071922874
Gift Card,Vladimir Petzolt,102302761
Credit Card,Nariko Borrows,071921244
Errror 304 - Missing Payment Gateway,Julio Dugmore,103013101
Cash on Delivery,Letty Philpot,081909146
Gift Card,Trudey O' Molan,221970605
Gift Card,Lilias Exon,073902180
Errror 304 - Missing Payment Gateway,Clem Brislen,081912379
Errror 304 - Missing Payment Gateway,Dominique Houchin,111909867
Gift Card,Dunn Orriss,292970744
Gift Card,Faun Kleingrub,021206537
Errror 304 - Missing Payment Gateway,Kanya Tesseyman,091208154
Cash on Delivery,Wallie Tregust,053112042
Gift Card,Myriam Job,062005690
Bank Transfer,Finn Dinnington,113104880
Credit Card,Stephi Dillintone,242272874
Cash on Delivery,Margo Gaines,114911807
Credit Card,Alis Gogerty,107005924
Errror 304 - Missing Payment Gateway,Colly Sessuns,022000046
Errror 304 - Missing Payment Gateway,Steward Eslie,011400178
Errror 304 - Missing Payment Gateway,Paquito Killimister,103103574
Credit Card,Oralie Mushawe,103912888
Buy Now Pay Later,Christa Archibould,211174356
Buy Now Pay Later,Carleton Hacard,114924014
Cash on Delivery,Shannon Summerell,065306079
Buy Now Pay Later,Andriette Shipsey,031309314
Gift Card,Timothy Slowey,081501489
Gift Card,Virginie Spittles,101003317
Credit Card,Aube Thormann,053202279
Credit Card,Ninnetta Lawland,042100188
Credit Card,Vivia Gellett,275071398
Cash on Delivery,Libbi Tunsley,055001122
Cash on Delivery,Nikaniki Booy,062202736
Bank Transfer,Fulvia Bonhomme,065405255
Cash on Delivery,Freddy Frankiewicz,067006432
Buy Now Pay Later,Latisha Lys,111015748
Errror 304 - Missing Payment Gateway,Tyne Gwinnell,067015944
Credit Card,Kippie Revely,031307659
Gift Card,Gaultiero Rastrick,111916423
Buy Now Pay Later,Jerrome Leyband,111322402
Errror 304 - Missing Payment Gateway,Cherin Cran,122400724
Cash on Delivery,Jacki O'Heyne,053012087
Buy Now Pay Later,Aileen Jeves,041203374
Gift Card,Vally Veare,073922678
Errror 304 - Missing Payment Gateway,Lalo Edmed,243373206
Cash on Delivery,Sigismund Mickan,221472776
Errror 304 - Missing Payment Gateway,Thedrick Skewes,053904483
Buy Now Pay Later,Karlee Gealy,084201443
Errror 304 - Missing Payment Gateway,Thornton Patemore,231372387
Bank Transfer,Filberto Shimmans,063100552
Credit Card,Evangeline Dallinder,091904267
Buy Now Pay Later,Candice Heaysman,061019742
Errror 304 - Missing Payment Gateway,Garfield Minister,081519002
Bank Transfer,Abbi Ledrane,011200608
Bank Transfer,Catherina Bartram,031311810
Cash on Delivery,Ronalda de Leon,226071020
Credit Card,Roberta Luard,122233645
Bank Transfer,Uriel Huws,111302532
Cash on Delivery,Jenn Paddie,111103058
Gift Card,Zara Camerati,054001534
Cash on Delivery,Cosmo Hatliffe,026013796
Errror 304 - Missing Payment Gateway,Wadsworth Best,125200947
Cash on Delivery,Alejandrina Hubane,091402905
Buy Now Pay Later,Kata Wiles,286573322
Cash on Delivery,Ainslee Mallabone,081511754
Bank Transfer,Mandy Sussans,253170253
Buy Now Pay Later,Elsbeth Hornig,021202162
Buy Now Pay Later,Joelie Orts,107005490
Bank Transfer,Juliet Beckson,062102292
Errror 304 - Missing Payment Gateway,Gabriell Kremer,122402324
Cash on Delivery,Kincaid Semble,051403630
Bank Transfer,Ibby Normanvill,052000016
Errror 304 - Missing Payment Gateway,Adora Braddon,122104046
Gift Card,Kali Gatecliff,091310987
Errror 304 - Missing Payment Gateway,Kev Dyte,067016354
Cash on Delivery,Lisbeth Blaza,052101106
Cash on Delivery,Krysta Kinnear,065302701
Cash on Delivery,Giana Ox,323270300
Errror 304 - Missing Payment Gateway,Archambault Maccree,121142902
Cash on Delivery,Reider Brothers,011201490
Gift Card,Sollie Brecknell,111308358
Errror 304 - Missing Payment Gateway,Clovis Naylor,026012881
Errror 304 - Missing Payment Gateway,Edgard Brahams,062204789
Bank Transfer,Aila Shemwell,101903336
Buy Now Pay Later,Nadine Lockless,122104046
Credit Card,Rhodie Babar,091204569
Gift Card,Vincenz Kingcott,021214325
Cash on Delivery,Natalya Jenkins,123307583
Errror 304 - Missing Payment Gateway,Candace Gerner,121138990
Credit Card,Grady Brane,301171081
Credit Card,Othilia MacGee,073902180
Bank Transfer,Rock Lee,271971777
Gift Card,Nealson Aldren,031313261
Credit Card,Kalli Delhanty,072413036
Cash on Delivery,Kakalina Rogeron,061211197
Bank Transfer,Rita Morey,082974471
Credit Card,Shanan Bielefeld,021200957
Buy Now Pay Later,Sandor Vallentin,065200243
Credit Card,Kurt Lacknor,111317857
Buy Now Pay Later,Wendel Eberz,107006664
Errror 304 - Missing Payment Gateway,Muffin Westgarth,071100706
Buy Now Pay Later,Olivia Wiper,063200928
Bank Transfer,Rafi Hayle,021201943
Buy Now Pay Later,Raquel Maling,082901224
Errror 304 - Missing Payment Gateway,Minerva Bullocke,064201560
Errror 304 - Missing Payment Gateway,Woodrow Petroselli,063015838
Buy Now Pay Later,Edgar Reynold,242170031
Cash on Delivery,Samara Spondley,101104122
Cash on Delivery,Vickie Muirhead,104100945
Credit Card,Christalle Garvagh,063205208
Buy Now Pay Later,Jeremiah Aynscombe,064107729
Credit Card,Wash Scritch,111900594
Errror 304 - Missing Payment Gateway,Daphna Mohammad,101219279
Cash on Delivery,Adam Stiffkins,113193532
Cash on Delivery,Pepita Cholonin,074900657
Bank Transfer,Rubi Zold,122239335
Gift Card,Selina Skypp,066007681
Errror 304 - Missing Payment Gateway,Caspar Minchindon,021101438
Cash on Delivery,Jacquelyn Kerley,031100351
Buy Now Pay Later,Bartel MacKnocker,026014041
Errror 304 - Missing Payment Gateway,Ferdinande Blanchet,075909576
Buy Now Pay Later,Ted Deverill,062003977
Cash on Delivery,Lorinda Sackey,011300142
Bank Transfer,Ally Hasslocher,102103588
Gift Card,Ceciley Rizzardo,063201040
Gift Card,Allyce Cosans,114909903
Credit Card,Kiel Ead,072413900
Bank Transfer,Brandie Achurch,113104521
Buy Now Pay Later,Lorne Burnapp,055002286
Cash on Delivery,Joelynn Poad,084204929
Gift Card,Leigh Marmon,111901962
Credit Card,Lotti Smalridge,051409184
Buy Now Pay Later,Rosamond Gabriel,114000721
Errror 304 - Missing Payment Gateway,Jaclin Loveguard,101103686
Bank Transfer,Jennica Galliford,101005690
Buy Now Pay Later,Marie-jeanne MacKegg,062201229
Cash on Delivery,Polly Kops,103112853
Cash on Delivery,Nonnah Oulner,123308825
Errror 304 - Missing Payment Gateway,Marnie Coalbran,074000515
Buy Now Pay Later,Devin Fernando,113009464
Bank Transfer,Minta Izod,067092310
Bank Transfer,Cynthy Colwell,322285668
Errror 304 - Missing Payment Gateway,Burnard Sutherley,065405226
Buy Now Pay Later,Hailee Gaymer,211371201
Buy Now Pay Later,Cyndie Ciccerale,044000024
Credit Card,Eileen Whittingham,067008582
Cash on Delivery,Alexia Beavis,062204721
Errror 304 - Missing Payment Gateway,Sheridan Woodsford,062203049
Gift Card,Barnie Corbould,064102397
Buy Now Pay Later,Madeleine Guinness,101019521
Errror 304 - Missing Payment Gateway,Daryle Seale,264172156
Errror 304 - Missing Payment Gateway,Elizabet Giroldo,026004828
Errror 304 - Missing Payment Gateway,Vanda Danser,011100012
Gift Card,Bill Balfre,071904627
Errror 304 - Missing Payment Gateway,Camella Shills,021206715
Buy Now Pay Later,Carlin Ary,092901476
Errror 304 - Missing Payment Gateway,Eada Andraud,311972652
Errror 304 - Missing Payment Gateway,Ward O'Meara,031307604
Cash on Delivery,Ebonee Orpen,091014924
Buy Now Pay Later,Brennan Gregory,053107633
Gift Card,Wallie Rodd,042106331
Bank Transfer,Dorothea Lukacs,322282292
Buy Now Pay Later,Dorena Milne,065106619
Cash on Delivery,Milton Pragnall,073920557
Credit Card,Blisse Aldrin,081206496
Errror 304 - Missing Payment Gateway,Adey Wilsdon,067014453
Buy Now Pay Later,Rollie Yakebovitch,091901561
Credit Card,Enos Mahaddy,083900680
Credit Card,Hamilton Turgoose,102107474
Errror 304 - Missing Payment Gateway,Ganny Whitehorn,043000096
Buy Now Pay Later,Moe Delle,211872399
Gift Card,Mariette Huck,081221497
Credit Card,Edward Licciardello,063200928
Bank Transfer,Gabie House,091917254
Credit Card,Cull Schulke,075902573
Errror 304 - Missing Payment Gateway,Elonore Farmloe,121181866
Cash on Delivery,Denyse Hugnet,061000052
Gift Card,Pembroke Bruntjen,113012503
Errror 304 - Missing Payment Gateway,Manny Smee,091301815
Bank Transfer,Ogden Fawthorpe,091301815
Credit Card,Gris Artindale,091005632
Cash on Delivery,Rivi Statton,122237955
Buy Now Pay Later,Ingeberg Boatwright,063107393
Credit Card,Clo Cuxon,051402961
Cash on Delivery,Genevra Still,091408501
Cash on Delivery,Hunfredo Giraudel,065002548
Bank Transfer,Bertram Wytchard,036076150
Credit Card,Isis Flescher,101102836
Cash on Delivery,Guntar Crayke,075902065
Credit Card,Svend Leckie,101204886
Errror 304 - Missing Payment Gateway,Aloisia Sudlow,021109935
Bank Transfer,Ninnetta Prose,061120291
Buy Now Pay Later,Umberto Newvill,124302257
Credit Card,Torey Seagrove,065301605
Bank Transfer,Nicki Rustman,125200044
Errror 304 - Missing Payment Gateway,Estevan Vaughn,051005106
Credit Card,Barnabe Berrane,271984832
Cash on Delivery,Corabelle Louys,092900985
Gift Card,Julienne Jerok,053200446
Bank Transfer,Cesaro Killingback,111924787
Errror 304 - Missing Payment Gateway,Frasier Carnier,264279334
Errror 304 - Missing Payment Gateway,Talia Stackbridge,284272625
Credit Card,Dina Vearnals,124002735
Credit Card,Cristobal Lambregts,081504693
Credit Card,Bernardina Emmison,321170282
Buy Now Pay Later,Pen Espinos,062206101
Bank Transfer,Berta La Padula,071005979
Cash on Delivery,Natale Wilby,091108539
Buy Now Pay Later,Olav Steanyng,026002927
Credit Card,Carolyne Waber,021214163
Cash on Delivery,Ginnie Lilly,092901654
Gift Card,Nannette Spirritt,067091780
Bank Transfer,Moses O'Cuddie,022306960
Errror 304 - Missing Payment Gateway,Durand Switzer,253272368
Errror 304 - Missing Payment Gateway,Radcliffe Fronsek,111322457
Gift Card,Rees Fudge,081514829
Credit Card,Andriette Cotmore,123002011
Bank Transfer,Zonnya Tarling,113025147
Buy Now Pay Later,Read Shory,011307077
Gift Card,Kimmie Scrinage,091409212
Errror 304 - Missing Payment Gateway,Evangelin Topaz,062102292
Errror 304 - Missing Payment Gateway,Bobine Jeves,021206993
Errror 304 - Missing Payment Gateway,Briggs Meriot,011001742
Buy Now Pay Later,Zia Lambole,022000046
Gift Card,Kaycee Scathard,221380114
Gift Card,Boyce Blower,083903564
Credit Card,Rosabella Dobbison,114902528
Errror 304 - Missing Payment Gateway,Hilton Papis,062201397
Gift Card,Delilah Basant,054001204
Bank Transfer,Forster Girardet,021206566
Cash on Delivery,Arleyne Scothron,086500087
Credit Card,Patrizia Bessent,104913048
Buy Now Pay Later,Flora Baudinelli,124303007
Gift Card,Wini Fidgin,101100375
Bank Transfer,Nessi Iacovaccio,243373471
Credit Card,Lucine Rides,063103915
Cash on Delivery,Bob Lowles,073908045
Buy Now Pay Later,Barclay Brownlow,062102849
Cash on Delivery,Amity Digan,072404485
Cash on Delivery,Marchelle Sawforde,071923255
Gift Card,Matthiew MacCulloch,253171540
Buy Now Pay Later,Eolanda Lunck,021207112
Bank Transfer,Adora Zannuto,122105728
Bank Transfer,Adelheid Ferfulle,091200738
Cash on Delivery,Cortney Heimann,122105676
Buy Now Pay Later,Sibylle Richardet,111310841
Bank Transfer,Aluino Dowrey,071000288
Buy Now Pay Later,Darwin Ewan,062201708
Buy Now Pay Later,Gerhard Brideaux,081000210
Errror 304 - Missing Payment Gateway,Dyanne Fogt,081311666
Gift Card,Forbes Jaime,065302895
Cash on Delivery,Minetta Colmore,121144201
Bank Transfer,Swen Nail,091800329
Credit Card,Tracey Sotheron,062204938
Credit Card,Marieann Skittrell,053112437
Gift Card,Koenraad Lemary,062205733
Gift Card,Rosy Arundel,021300420
Buy Now Pay Later,Brynn MacTrustey,111312739
Buy Now Pay Later,Tiena Cammomile,107006091
Gift Card,Xever Yggo,121137807
Buy Now Pay Later,Corella Caldow,314088048
Bank Transfer,Tiff Vinnicombe,062104203
Bank Transfer,Karalynn Essberger,273970640
Buy Now Pay Later,Wakefield Fones,051402071
Buy Now Pay Later,Rafaela Van't Hoff,104902127
Errror 304 - Missing Payment Gateway,Kiley Garbutt,071112354
Buy Now Pay Later,Brande Hrinchenko,061000146
Errror 304 - Missing Payment Gateway,Ulrike Tydd,053112039
Errror 304 - Missing Payment Gateway,Laurena Ouchterlony,051402071
Buy Now Pay Later,Kliment Kummerlowe,021202175
Gift Card,Barth Thurlbourne,051401331
Buy Now Pay Later,Hamish Maystone,123103570
Bank Transfer,Kathye Hussy,074905225
Gift Card,Cicily Arcase,011910697
Errror 304 - Missing Payment Gateway,Federica Nabbs,123206406
Credit Card,Farlay Eshmade,122240670
Credit Card,Milissent Skacel,092900956
Bank Transfer,Evelyn Packwood,264272027
Errror 304 - Missing Payment Gateway,Angel Beaves,122238611
Credit Card,Shawn McCay,071905846
Cash on Delivery,Sholom Kilvington,044106944
Credit Card,Cassy Collisson,101114303
Bank Transfer,Etheline Hinckesman,121000345
Credit Card,Nev Fass,103000800
Gift Card,Maybelle Fettis,242071305
Bank Transfer,Daniela Janssens,075902625
Bank Transfer,Aurore Dugan,111321717
Gift Card,Ernesta Courson,053112097
Credit Card,Libby Innerstone,075902065
Credit Card,Garrot Pendergast,101902298
Gift Card,Klaus Buffey,282970110
Errror 304 - Missing Payment Gateway,Laurens Burley,111921777
Credit Card,Magdalena Curnokk,084202442
Credit Card,Horst Iacobucci,121103886
Bank Transfer,Tish Gannan,021214325
Errror 304 - Missing Payment Gateway,Sharline Joire,091001157
Credit Card,Winny Clayill,031302955
Gift Card,Adora Pomfret,061205475
Cash on Delivery,Bibbye Hemphall,111908127
Cash on Delivery,Minnaminnie Rockhall,284272654
Gift Card,Riki Andreazzi,102006025
Bank Transfer,Vaughn Callaway,272471179
Bank Transfer,Bennie Hirsch,231975836
Bank Transfer,August Salmons,011100012
Credit Card,Sebastiano Tompkin,221272565
Buy Now Pay Later,Jeralee Morffew,111912401
Bank Transfer,Emelen Laxston,011201458
Gift Card,Elizabeth St Louis,031902038
Errror 304 - Missing Payment Gateway,Ellary Gosney,011307239
Errror 304 - Missing Payment Gateway,Demetra Sebley,307074098
Cash on Delivery,Jay Boncore,061204654
Gift Card,Redford Hutcheons,101001018
Buy Now Pay Later,Morse Ollivierre,107000327
Credit Card,Marguerite Browett,063014499
Credit Card,Dani Stiggers,211370354
Credit Card,Edythe Poulgreen,031101143
Gift Card,Ashlin Darlasson,071002095
Gift Card,Christy Jankiewicz,042102335
Gift Card,Holly-anne Eloi,031100267
Credit Card,Audra Rosoni,122239131
Cash on Delivery,Kakalina Loveguard,091905525
Credit Card,Engelbert Dodge,271972718
Gift Card,Riane Vigne,101089810
Credit Card,Theodore Gillie,071920559
Gift Card,Erroll Sudddard,021912410
Buy Now Pay Later,Jordana Grealish,062201229
Buy Now Pay Later,Cammi Naughton,055002286
Gift Card,Mortimer Petschelt,031275998
Gift Card,Penelope Moxted,101114073
Buy Now Pay Later,Molly McAne,114017714
Buy Now Pay Later,Ransell Rechert,226070296
Cash on Delivery,Alanson Limeburn,083901650
Gift Card,Lennie Davidove,071920957
Buy Now Pay Later,Madelena Rieflin,055001766
Errror 304 - Missing Payment Gateway,Cherye Shortin,253271987
Errror 304 - Missing Payment Gateway,Sammy Redmond,107006677
Errror 304 - Missing Payment Gateway,Con Parades,111903517
Cash on Delivery,Arnie Kubacki,114911807
Buy Now Pay Later,Jeffry Vipan,112024437
Errror 304 - Missing Payment Gateway,Garrett Dubois,103101424
Credit Card,Douglas Linstead,111308633
Cash on Delivery,Elmer Burniston,261170740
Gift Card,Nan Lauthian,091109994
Buy Now Pay Later,Thadeus Stickler,083901100
Bank Transfer,Aleda Scotfurth,102005916
Bank Transfer,Florance Aneley,113114595
Errror 304 - Missing Payment Gateway,Dionne Waldocke,011501035
Cash on Delivery,Juliette Ottewill,111922527
Gift Card,Josi Mathers,081509737
Credit Card,Mitch McGhee,055001054
Buy Now Pay Later,Colleen Cosins,083907955
Buy Now Pay Later,Corenda Broomfield,073917887
Cash on Delivery,Jonis Menere,021409169
Credit Card,Jesse Clute,121142148
Buy Now Pay Later,Myrta Brickell,103013101
Cash on Delivery,Yolande Belsher,101108377
Cash on Delivery,Antoine Rowatt,053112233
Cash on Delivery,Carla Lonsbrough,062204938
Buy Now Pay Later,Pincas Ernshaw,061020317
Bank Transfer,Ronica Brun,091215626
Buy Now Pay Later,Lethia Cettell,075906595
Credit Card,Anya Withinshaw,091800293
Bank Transfer,Karrah Beeswing,083002533
Credit Card,Mercie Bickerdike,074914452
Cash on Delivery,Otes Verbrugge,026007773
Credit Card,Janek Kemp,092905508
Gift Card,Zelma Dudgeon,113012503
Errror 304 - Missing Payment Gateway,Claudian Fassan,075901642
Gift Card,Lewiss Physick,062202736
Gift Card,Arabele Debnam,091903844
Errror 304 - Missing Payment Gateway,Hurlee Childe,081518045
Errror 304 - Missing Payment Gateway,Frederica Bellwood,071923255
Credit Card,Mile Narducci,231375290
Buy Now Pay Later,Dinah Laurenty,075000022
Errror 304 - Missing Payment Gateway,Ray Iskov,101114581
Gift Card,Aaron Caller,063114632
Gift Card,Augie Heak,081507425
Errror 304 - Missing Payment Gateway,Donall Cartmill,122240010
Buy Now Pay Later,Ossie Cooksley,101104779
Cash on Delivery,Daniela Livick,102101823
Credit Card,Deeanne Hardeman,084202248
Errror 304 - Missing Payment Gateway,Thurstan Klessmann,107006127
Gift Card,Chantalle Rodgerson,122287361
Errror 304 - Missing Payment Gateway,Lela Balwin,101019084
Bank Transfer,Danice Guest,271080325
Gift Card,Aloise Eckley,075904092
Credit Card,Nappie Fidilis,074000010
Buy Now Pay Later,Meyer Greeve,121144340
Gift Card,Rochella Lethcoe,111900455
Bank Transfer,Brigit Ranklin,067092022
Cash on Delivery,Sharleen Bilham,321076412
Credit Card,Lancelot Lavigne,061101799
Errror 304 - Missing Payment Gateway,Emeline Anthona,083902316
Buy Now Pay Later,Ida Calvey,042101925
Bank Transfer,Mohammed Yude,082901460
Buy Now Pay Later,Nathan Scambler,041200089
Bank Transfer,Aura Dungay,067014822
Bank Transfer,Lani Ewestace,061102400
Cash on Delivery,Randa Danaher,061000052
Gift Card,Aksel Jaggs,026002626
Bank Transfer,Constantina Rudyard,102106857
Buy Now Pay Later,Merrill Cunnington,113102329
Errror 304 - Missing Payment Gateway,Jewelle Pachta,263170175
Buy Now Pay Later,Florella Sellan,091206101
Buy Now Pay Later,Ruy Meneyer,122217056
Errror 304 - Missing Payment Gateway,Cordey Radmore,107000262
Gift Card,Andrei Sinclaire,053110633
Cash on Delivery,Grant Hinners,101114552
Credit Card,Kelcie Lilie,071000301
Cash on Delivery,Tammi Pacher,063092327
Gift Card,Margarette Aldham,073918323
Errror 304 - Missing Payment Gateway,Alisun Bockett,073906005
Errror 304 - Missing Payment Gateway,Bernadette Follit,272471124
Gift Card,Maribeth Ashfield,101107226
Cash on Delivery,Judie Endecott,102105146
Credit Card,Goraud Rowles,073921585
Credit Card,Tobiah Greenshields,122238611
Cash on Delivery,Konstantin Whatson,125108191
Gift Card,Myriam McClarence,081908590
Credit Card,Ravi Litster,121103886
Bank Transfer,Pepe Terrett,111916436
Gift Card,Virgie Hudspeth,322273272
Buy Now Pay Later,Beverlee Walding,092902404
Gift Card,Wallis Nairn,083000920
Credit Card,Anita Spreadbury,274970076
Errror 304 - Missing Payment Gateway,Kelly Orpyne,111104879
Gift Card,Lotti Sandys,084204929
Cash on Delivery,Danit Windas,107006046
Gift Card,Oswald Sparke,011600033
Errror 304 - Missing Payment Gateway,Philomena Dallmann,041203895
Buy Now Pay Later,Alyosha Shearstone,064108524
Gift Card,Emili Hawkswell,113107612
Bank Transfer,Cointon Garretson,071915580
Cash on Delivery,Casie De Wolfe,271189491
Cash on Delivery,Bianca Weber,042107657
Buy Now Pay Later,Fredi Meeland,271972844
Gift Card,Winne Cleverley,241070433
Credit Card,Blair Ewington,111908172
Bank Transfer,Rosmunda Nattriss,084301107
Errror 304 - Missing Payment Gateway,Raffarty Sainteau,313071920
Bank Transfer,Lusa Little,081221497
Cash on Delivery,Ebonee Fleischer,071105154
Cash on Delivery,Garrot Chinge de Hals,103108605
Errror 304 - Missing Payment Gateway,Davis Alessandrini,071915580
Buy Now Pay Later,Falkner Simionato,065103887
Gift Card,Janelle Tippin,104900886
Buy Now Pay Later,Jecho Windous,055000262
Cash on Delivery,Audrye Skarin,121000345
Bank Transfer,Mela Fick,062202257
Errror 304 - Missing Payment Gateway,Pearce Reolfo,091807254
Bank Transfer,Leon Tarpey,021101108
Gift Card,Skipp Possa,042202426
Bank Transfer,Alethea Iskowitz,073921718
Bank Transfer,Meggi Whetland,101110543
Bank Transfer,Beryle Pringour,063109621
Bank Transfer,Emelda Charman,084206082
Credit Card,Carmela Udden,083901825
Cash on Delivery,Rriocard Anderl,021101108
Cash on Delivery,Beatrice Durnall,113124637
Errror 304 - Missing Payment Gateway,Bret Nern,091403920
Buy Now Pay Later,Sasha Treend,065200984
Buy Now Pay Later,Hazel Davioud,221372274
Gift Card,Vincent Collcutt,067010583
Bank Transfer,Ricardo Billanie,061102400
Gift Card,Marita Corona,075910387
Cash on Delivery,Nels Slaney,021905977
Bank Transfer,Avery Yonge,021410080
Errror 304 - Missing Payment Gateway,Norine Gronow,121142902
Errror 304 - Missing Payment Gateway,Carma Caurah,113024274
Credit Card,Nial Kindell,091209483
Gift Card,Olympia Biss,071114491
Bank Transfer,Nedda Gilby,122106154
Gift Card,Pennie Crippill,211872399
Gift Card,Lolita Sivess,091204899
Credit Card,Cathie Raulston,061211171
Gift Card,Jesus Ovey,091905295
Cash on Delivery,Gelya Tarbet,102103258
Bank Transfer,Albertina Hemshall,021408704
Buy Now Pay Later,Avie Nason,107001520
Gift Card,Glori Sedcole,084206082
Bank Transfer,Edgardo Gration,121144528
Gift Card,Burt Stickler,122200759
Buy Now Pay Later,Westbrook Derby,113102714
Errror 304 - Missing Payment Gateway,Dannel Slorach,067091719
Bank Transfer,Darby Feben,072413748
Buy Now Pay Later,Kingsly Sennett,122238682
Credit Card,Shurwood Garlinge,021202337
Credit Card,Montague Roome,111000258
Gift Card,Isis Downton,064200930
Bank Transfer,Don Bangiard,081500749
Gift Card,Ermanno Caren,044112187
Credit Card,Lorenzo Seven,102103708
Cash on Delivery,Carola Medcalfe,091905648
Cash on Delivery,Krisha Eddowis,084204929
Bank Transfer,Hewet Thrustle,241071762
Gift Card,Zollie Scoyles,081010860
Buy Now Pay Later,Cecilius Joutapaitis,064000017
Bank Transfer,Aurelia Michurin,031902876
Bank Transfer,Buck Kampshell,075012531
Gift Card,Carleen Rieflin,021202609
Errror 304 - Missing Payment Gateway,Susi Jirzik,062202778
Bank Transfer,Libbey Brugsma,053106799
Errror 304 - Missing Payment Gateway,Beale Riediger,122220506
Buy Now Pay Later,Vania Uglow,122243457
Credit Card,Ibrahim Eliaz,111914917
Errror 304 - Missing Payment Gateway,Leona Milnthorpe,071918309
Bank Transfer,Imogen Vines,065002108
Credit Card,Lorin Fancourt,104922204
Buy Now Pay Later,Alysia Chinge,072413256
Errror 304 - Missing Payment Gateway,Gisele Duignan,122220849
Errror 304 - Missing Payment Gateway,Leonelle Quaif,042205038
Errror 304 - Missing Payment Gateway,Corinna Cowle,255072126
Buy Now Pay Later,Birgit Kliesl,011303123
Cash on Delivery,Thomasin Wisden,031207911
Gift Card,Stinky England,065002108
Errror 304 - Missing Payment Gateway,Adria Arnaez,064206594
Bank Transfer,Harvey Marco,053112686
Cash on Delivery,Andromache Jirsa,111904338
Errror 304 - Missing Payment Gateway,Towny Faichnie,263190757
Credit Card,Herta Enrico,026004394
Buy Now Pay Later,Bard Burchall,111304912
Credit Card,Omar Riccard,113003389
Gift Card,Avril Carmen,083901825
Cash on Delivery,Sharron Aleksidze,253170253
Bank Transfer,Artie Folk,053112039
Cash on Delivery,Staford Bricksey,073908359
Cash on Delivery,Basile Usher,021207112
Credit Card,Aharon Whitcher,091806381
Credit Card,Karlee Frame,071908869
Gift Card,Maressa Oxtoby,226072304
Buy Now Pay Later,Quincy Murkin,061211197
Cash on Delivery,Andrea Beaty,061292433
Credit Card,Eldin Gimbart,091901192
Errror 304 - Missing Payment Gateway,Hannis Arcase,065405349
Credit Card,Phillipe Liepina,314974000
Errror 304 - Missing Payment Gateway,Tobit Tucker,071214333
Cash on Delivery,Isaac Arendsen,221981063
Errror 304 - Missing Payment Gateway,Shamus D'Souza,111910267
Cash on Delivery,Mateo Feechum,041002203
Cash on Delivery,Hendrika Tarrant,091210074
Credit Card,Rae Mattityahou,053208176
Credit Card,Garrard Chiplin,071109707
Gift Card,Tory Ends,125000105
Buy Now Pay Later,Corie Fairley,125000118
Bank Transfer,Benjy Algie,051402974
Errror 304 - Missing Payment Gateway,Giacinta Shardlow,075000103
Credit Card,Ben Ridgers,122239021
Buy Now Pay Later,Felike Tomaskunas,122243978
Credit Card,Farrell Ferrieri,073921585
Credit Card,Levi Parmer,081017711
Cash on Delivery,Almeda Blaw,075907947
Bank Transfer,Halette Spiaggia,031000037
Cash on Delivery,Babs Bienvenu,091409717
Credit Card,Cristiano Kenealy,021300381
Errror 304 - Missing Payment Gateway,Adelaida Davidovicz,055003340
Cash on Delivery,Minetta Fer,081019104
Cash on Delivery,Berke Obee,221471227
Credit Card,Alina Halsworth,073918608
Gift Card,Frasier Bouzek,111910380
Cash on Delivery,Ryan Babst,114902777
Gift Card,Rebeca Edel,053112178
Errror 304 - Missing Payment Gateway,Marinna Philcott,112024437
Credit Card,Kaiser Lineham,067015973
Gift Card,Ainsley Winnett,091501204
Gift Card,Cornell Astbury,065200874
Bank Transfer,Shandy Darke,072413858
Gift Card,Meghann Porson,042103473
Cash on Delivery,Colene Medwell,101904911
Credit Card,Baryram Mapplethorpe,071114491
Gift Card,Howey Dampier,267084199
Gift Card,Kelbee Amey,081509737
Errror 304 - Missing Payment Gateway,Stewart Machans,231372170
Gift Card,Terrye Corp,254075454
Cash on Delivery,Tann Houseago,091409746
Errror 304 - Missing Payment Gateway,Mahala Frisdick,031202084
Errror 304 - Missing Payment Gateway,Jacklyn Stocky,091403616
Bank Transfer,Murray Pillington,021101438
Credit Card,Perle Womersley,325182564
Bank Transfer,Stern Guidera,043002023
Buy Now Pay Later,Florella Tibbetts,111304093
Buy Now Pay Later,Cesaro Rowland,031100393
Buy Now Pay Later,Bard Treadgear,091409762
Gift Card,Norine Parks,063104697
Gift Card,Cass Ditch,322271096
Cash on Delivery,Lynnelle Abel,051502528
Buy Now Pay Later,Des Normanvell,271070791
Gift Card,Marcelle Blankau,028000024
Bank Transfer,Kendrick Rowbottom,082902663
Credit Card,Patton Goor,075902816
Bank Transfer,Thorndike Morgue,091911797
Errror 304 - Missing Payment Gateway,Yoko Keeley,071214579
Credit Card,Christos D'Alwis,241270039
Credit Card,Tobye Cardinal,113103726
Gift Card,Hoebart Lambeth,125107008
Errror 304 - Missing Payment Gateway,Kirby Wellard,063106268
Bank Transfer,Paige Knill,121135087
Buy Now Pay Later,Pincas Brimson,226071091
Gift Card,Doloritas Raulstone,323270436
Gift Card,Munmro Yegorov,122237955
Credit Card,Robin Tumayan,051000253
Errror 304 - Missing Payment Gateway,Eldridge Marskell,112201289
Cash on Delivery,Marlena Thirlwell,103112507
